Partition,Algorithm,FeatureCount,Bias,BuildTime,TestTime,NUsers,NAttempted,NGood,Coverage,RMSE.ByUser,RMSE.ByRating,Predict.nDCG,TopN.nDCG,MAP,MRR
1,PersMean,,,3.3000000000000003,18.067,173,865,865,1.0,0.7402690369403424,0.8149943688851462,0.9694967940932956,0.027476709723456658,0.05153225066519864,0.05137168547573172
